status,type,path,date,slug,name,title,description,priority,featured,authors,category,keywords,tags
published,posts,applications/website,2024-09-21,website,App Website,,,,,,applications,,nextjs;velite;frontend
published,posts,packages/configs,2024-09-21,,,,,,,,packages,,chore
published,posts,packages/contentlayer,2024-09-21,,,,,,,,packages,,velite
published,posts,packages/design-system,2024-09-21,,,,,,,,packages,,frontend
published,posts,packages/seo,2024-09-21,,,,,,,,packages,,seo
published,posts,packages/tsconfig,2024-09-21,,,,,,,,packages,,typescript
published,posts,packages/types,2024-09-21,,,,,,,,packages,,typescript
published,posts,packages/ui,2024-09-21,,,,,,,,packages,,frontend
published,posts,packages/utils,2024-09-21,,,,,,,,packages,,chore
published,posts,readme,2024-09-21,,,,,,,,base,,chore
published,posts,roadmap,2024-09-21,,,,,,,,base,,chore
published,pages,about,2024-09-6,about-us,,,,,,,,,
